Email Address,,
crmbagerhat@krishibank.org.bd; ,,
crmbarguna@krishibank.org.bd; ,,
crmbarisal@krishibank.org.bd;,,
crmbhola@krishibank.org.bd;,,
crmbbaria@krishibank.org.bd;,,
crmchandpur@krishibank.org.bd;,,
crmchittagongeast@krishibank.org.bd;,,
crmchittagongwest@krishibank.org.bd;,,
crmcomilla@krishibank.org.bd;,,
crmcoxsbazar@krishibank.org.bd;,,
crmdhaka@krishibank.org.bd;,,
crmfaridpur@krishibank.org.bd; ,,
crmfeni@krishibank.org.bd; ,,
crmgazipur@krishibank.org.bd;  ,,
crmgopalganj@krishibank.org.bd;,,
crmhabigonj@krishibank.org.bd; ,,
crmjamalpur@krishibank.org.bd;,,
crmjessore@krishibank.org.bd; ,,
crmjhalakathi@krishibank.org.bd; ,,
crmjhenaidah@krishibank.org.bd;,,
crmkhulna@krishibank.org.bd;,,
crmkishoreganj@krishibank.org.bd;,,
crmkushtia@krishibank.org.bd;,,
crmlaxmipur@krishibank.org.bd;,,
crmmadaripur@krishibank.org.bd;,,
crmmagura@krishibank.org.bd;,,
crmmanikgonj@krishibank.org.bd;,,
crmmoulvibazar@krishibank.org.bd;,,
crmmunshigonj@krishibank.org.bd;,,
crmmymensinghnorth@krishibank.org.bd;,,
crmmymensinghsouth@krishibank.org.bd;,,
crmnarayangonj@krishibank.org.bd;,,
crmnetrokona@krishibank.org.bd;,,
crmnoakhali@krishibank.org.bd;,,
crmnorshingdi@krishibank.org.bd;,,
crmpatuakhali@krishibank.org.bd;,,
crmperojpur@krishibank.org.bd; ,,
crmrajbari@krishibank.org.bd;,,
crmsatkhira@krishibank.org.bd;,,
crmshariatpur@krishibank.org.bd;,,
crmsherpur@krishibank.org.bd;,,
crmsunamgonj@krishibank.org.bd;,,
crmsylhet@krishibank.org.bd;,,
crmtangailnorth@krishibank.org.bd;,,
crmtangailsouth@krishibank.org.bd;,,
rmbandarban@krishibank.org.bd;,,
rmchuadanga@krishibank.org.bd;,,
rmkhagrachari@krishibank.org.bd; ,,
rmlaksam@krishibank.org.bd;,,
rmmeherpur@krishibank.org.bd;,,
rmnarail@krishibank.org.bd;,,
rmpatia@krishibank.org.bd;,,
rmrangamati@krishibank.org.bd;,,
